;Hours,  Dir1, Dir2,  Dir3,  Dir4
1,0.003376014,0.008829846,0.003376014,0.008829846
2,0.002647945,0.004907687,0.002647945,0.004907687
3,0.002495463,0.003306302,0.002495463,0.003306302
4,0.004327651,0.003064603,0.004327651,0.003064603
5,0.010739352,0.004208325,0.010739352,0.004208325
6,0.037448399,0.008011667,0.037448399,0.008011667
7,0.103519519,0.021847054,0.103519519,0.021847054
8,0.119373049,0.034428242,0.119373049,0.034428242
9,0.105168005,0.035641703,0.105168005,0.035641703
10,0.078276537,0.037358148,0.078276537,0.037358148
11,0.061233629,0.036087621,0.061233629,0.036087621
12,0.054426192,0.039352336,0.054426192,0.039352336
13,0.049808542,0.045483111,0.049808542,0.045483111
14,0.046095299,0.051299539,0.046095299,0.051299539
15,0.047609426,0.062581259,0.047609426,0.062581259
16,0.049058994,0.091289876,0.049058994,0.091289876
17,0.049099902,0.118478437,0.049099902,0.118478437
18,0.051275083,0.117529967,0.051275083,0.117529967
19,0.043269045,0.091337591,0.043269045,0.091337591
20,0.029135919,0.060888991,0.029135919,0.060888991
21,0.019385899,0.043804582,0.019385899,0.043804582
22,0.015342868,0.035712883,0.015342868,0.035712883
23,0.010648952,0.025906822,0.010648952,0.025906822
24,0.006238318,0.018643407,0.006238318,0.018643407
